<?xml version="1.0"?>
<?xml-stylesheet type="text/xml" href="index.xsl"?>
<anj_webpage>

 <texttitle>andrewnjackson</texttitle>

 <htmltitle></htmltitle>

 <content>
      <table cellpadding="0" cellspacing="0" border="0" width="100%">
       <tr>
        <td valign="center" colspan="2">
         <p align="center"><img src="img/ajbig.png" border="0" alt="Use links at the top of this page in order to find your way around." width="424" height="505"/></p>
        </td>
       </tr>
       <tr valign="bottom">
        <td align="left">
<A HREF="http://www.riscos.com/" TARGET="_blank"><IMG SRC="img/roro4.gif" ALT="RISC OS" WIDTH="88" HEIGHT="31" BORDER="0"/></A>
	</td>
        <td align="right">
         <p align="right">design <copyright/> 2001 <a href="mailto:anj@anjackson.org">a.n.jackson</a>.</p>
        </td>
       </tr>
      </table>
 </content>

</anj_webpage>
