<?xml version="1.0"?>
<?xml-stylesheet type="text/xml" href="14-2.xsl?>
<periodic_table>

<atom state="gas">
  <name>Hydrogen</name>
  <symbol>H</symbol>
  <atomic_number>1</atomic_number>
  <atomic_weight>1.00794</atomic_weight>
  <boiling_point units="Kelvin">20.28</boiling_point>
  <melting_point units="Kelvin">31.81</melting_point>
  <density units="g/cc" conditions="At 300k">0.0899
  </density>
</atom>

<atom state="gas">
  <name>Helium</name>
  <symbol>He</symbol>
  <atomic_number>2</atomic_number>
  <atomic_weight>4.0026</atomic_weight>
  <boiling_point units="Kelvin">4.216</boiling_point>
  <melting_point units="Kelvin">0.95</melting_point>
  <density units="g/cc">0.1785
  </density>
</atom>

</periodic_table>
